{
  "preprocess_off": {
    "accuracy": 0.5027777777777778,
    "macro_f1": 0.4964684861868311
  },
  "preprocess_on": {
    "accuracy": 0.5638888888888889,
    "macro_f1": 0.5378739111609679
  },
  "delta": {
    "accuracy": 0.061111111111111116,
    "macro_f1": 0.04140542497413685
  }
}