{
  "accuracy": 0.5638888888888889,
  "macro_f1": 0.5378739111609679,
  "class_distribution": {
    "down": 60,
    "up": 60,
    "release": 60,
    "left": 60,
    "right": 60,
    "grab": 60
  },
  "report": {
    "down": {
      "precision": 0.7761194029850746,
      "recall": 0.8666666666666667,
      "f1-score": 0.8188976377952756,
      "support": 60.0
    },
    "grab": {
      "precision": 0.32075471698113206,
      "recall": 0.2833333333333333,
      "f1-score": 0.3008849557522124,
      "support": 60.0
    },
    "left": {
      "precision": 0.7647058823529411,
      "recall": 0.65,
      "f1-score": 0.7027027027027027,
      "support": 60.0
    },
    "release": {
      "precision": 0.5714285714285714,
      "recall": 0.13333333333333333,
      "f1-score": 0.21621621621621623,
      "support": 60.0
    },
    "right": {
      "precision": 0.6049382716049383,
      "recall": 0.8166666666666667,
      "f1-score": 0.6950354609929078,
      "support": 60.0
    },
    "up": {
      "precision": 0.40425531914893614,
      "recall": 0.6333333333333333,
      "f1-score": 0.4935064935064935,
      "support": 60.0
    },
    "accuracy": 0.5638888888888889,
    "macro avg": {
      "precision": 0.5737003607502656,
      "recall": 0.5638888888888889,
      "f1-score": 0.5378739111609679,
      "support": 360.0
    },
    "weighted avg": {
      "precision": 0.5737003607502656,
      "recall": 0.5638888888888889,
      "f1-score": 0.5378739111609679,
      "support": 360.0
    }
  }
}