{
  "accuracy": 0.5027777777777778,
  "macro_f1": 0.4964684861868311,
  "class_distribution": {
    "down": 60,
    "up": 60,
    "release": 60,
    "left": 60,
    "right": 60,
    "grab": 60
  },
  "report": {
    "down": {
      "precision": 0.5638297872340425,
      "recall": 0.8833333333333333,
      "f1-score": 0.6883116883116883,
      "support": 60.0
    },
    "grab": {
      "precision": 0.2631578947368421,
      "recall": 0.25,
      "f1-score": 0.2564102564102564,
      "support": 60.0
    },
    "left": {
      "precision": 0.6730769230769231,
      "recall": 0.5833333333333334,
      "f1-score": 0.625,
      "support": 60.0
    },
    "release": {
      "precision": 0.25862068965517243,
      "recall": 0.25,
      "f1-score": 0.2542372881355932,
      "support": 60.0
    },
    "right": {
      "precision": 0.7380952380952381,
      "recall": 0.5166666666666667,
      "f1-score": 0.6078431372549019,
      "support": 60.0
    },
    "up": {
      "precision": 0.5614035087719298,
      "recall": 0.5333333333333333,
      "f1-score": 0.5470085470085471,
      "support": 60.0
    },
    "accuracy": 0.5027777777777778,
    "macro avg": {
      "precision": 0.5096973402616913,
      "recall": 0.5027777777777778,
      "f1-score": 0.4964684861868311,
      "support": 360.0
    },
    "weighted avg": {
      "precision": 0.5096973402616913,
      "recall": 0.5027777777777778,
      "f1-score": 0.49646848618683115,
      "support": 360.0
    }
  }
}